AgeGroup,Avg Likes,Avg Retweets
Senior,94.7,22.725
Teen,75.95652173913044,23.08695652173913
Adult,75.75862068965517,24.862068965517242
