Sentiment,Avg Likes,Avg Retweets
Neutral,89.4,26.45
Positive,71.42105263157895,26.55263157894737
Negative,92.0,21.404761904761905
